{
  "id": "3850595",
  "name": "uniapp",
  "font_family": "iconfont",
  "css_prefix_text": "icon-",
  "description": "",
  "glyphs": [
    {
      "icon_id": "11372661",
      "name": "发现",
      "font_class": "faxian",
      "unicode": "e8af",
      "unicode_decimal": 59567
    },
    {
      "icon_id": "11372687",
      "name": "评论",
      "font_class": "pinglun",
      "unicode": "e8b4",
      "unicode_decimal": 59572
    },
    {
      "icon_id": "11372703",
      "name": "首页",
      "font_class": "shouye",
      "unicode": "e8b9",
      "unicode_decimal": 59577
    },
    {
      "icon_id": "11372762",
      "name": "发现",
      "font_class": "faxian1",
      "unicode": "e8c4",
      "unicode_decimal": 59588
    },
    {
      "icon_id": "11372768",
      "name": "评论",
      "font_class": "pinglun1",
      "unicode": "e8c5",
      "unicode_decimal": 59589
    },
    {
      "icon_id": "11372774",
      "name": "首页",
      "font_class": "shouye1",
      "unicode": "e8c6",
      "unicode_decimal": 59590
    }
  ]
}
